{"cameraMode":{"drawMode":0,"name":"Shaded","section":"Shading Mode"},"sceneLighting":true,"audioPlay":false,"sceneViewState":{"showFog":true,"showMaterialUpdate":true,"showSkybox":true,"showFlares":true,"showImageEffects":true,"showParticleSystems":true},"in2DMode":false,"pivot":{"x":0.008993366733193398,"y":0.005652834195643663,"z":0.1976306289434433},"rotation":{"x":-0.04117788001894951,"y":0.9211421012878418,"z":-0.10155850648880005,"w":-0.37348130345344546},"size":5.9598708152771,"orthographic":false}